{
  "project_info": {
    "project_number": "1083036404512",
    "firebase_url": "https://reg-123.firebaseio.com",
    "project_id": "reg-123",
    "storage_bucket": "reg-123.appspot.com"
  },
  "client": [
    {
      "client_info": {
        "mobilesdk_app_id": "1:1083036404512:android:3f2be1970b78c085666545",
        "android_client_info": {
          "package_name": "com.svecw.app_17b01a0558"
        }
      },
      "oauth_client": [
        {
          "client_id": "1083036404512-3lvj790os9n80qup2g378s5k1v21gct2.apps.googleusercontent.com",
          "client_type": 1,
          "android_info": {
            "package_name": "com.svecw.app_17b01a0558",
            "certificate_hash": "c7e8107da4c62a7a2c2e395dd3631eb9475219dc"
          }
        },
        {
          "client_id": "1083036404512-0brtemu4und1ndl5ov2pu3hvhfr0eaug.apps.googleusercontent.com",
          "client_type": 3
        }
      ],
      "api_key": [
        {
          "current_key": "AIzaSyDdxXZ4AkaVRAoLvVvnm443Duzz51-5BQo"
        }
      ],
      "services": {
        "appinvite_service": {
          "other_platform_oauth_client": [
            {
              "client_id": "1083036404512-0brtemu4und1ndl5ov2pu3hvhfr0eaug.apps.googleusercontent.com",
              "client_type": 3
            }
          ]
        }
      }
    },
    {
      "client_info": {
        "mobilesdk_app_id": "1:1083036404512:android:67a93a3376822f9a666545",
        "android_client_info": {
          "package_name": "com.svecw.svecw_sthapann2"
        }
      },
      "oauth_client": [
        {
          "client_id": "1083036404512-7pphq5a161085nigjpjksh2t0vcgg7si.apps.googleusercontent.com",
          "client_type": 1,
          "android_info": {
            "package_name": "com.svecw.svecw_sthapann2",
            "certificate_hash": "c7e8107da4c62a7a2c2e395dd3631eb9475219dc"
          }
        },
        {
          "client_id": "1083036404512-0brtemu4und1ndl5ov2pu3hvhfr0eaug.apps.googleusercontent.com",
          "client_type": 3
        }
      ],
      "api_key": [
        {
          "current_key": "AIzaSyDdxXZ4AkaVRAoLvVvnm443Duzz51-5BQo"
        }
      ],
      "services": {
        "appinvite_service": {
          "other_platform_oauth_client": [
            {
              "client_id": "1083036404512-0brtemu4und1ndl5ov2pu3hvhfr0eaug.apps.googleusercontent.com",
              "client_type": 3
            }
          ]
        }
      }
    },
    {
      "client_info": {
        "mobilesdk_app_id": "1:1083036404512:android:1883d736ac42e5c8",
        "android_client_info": {
          "package_name": "svecw.app_17b01a0558"
        }
      },
      "oauth_client": [
        {
          "client_id": "1083036404512-ehjhgnakec5c1poetfee6mmbq4gl4r8a.apps.googleusercontent.com",
          "client_type": 1,
          "android_info": {
            "package_name": "svecw.app_17b01a0558",
            "certificate_hash": "c7e8107da4c62a7a2c2e395dd3631eb9475219dc"
          }
        },
        {
          "client_id": "1083036404512-0brtemu4und1ndl5ov2pu3hvhfr0eaug.apps.googleusercontent.com",
          "client_type": 3
        }
      ],
      "api_key": [
        {
          "current_key": "AIzaSyDdxXZ4AkaVRAoLvVvnm443Duzz51-5BQo"
        }
      ],
      "services": {
        "appinvite_service": {
          "other_platform_oauth_client": [
            {
              "client_id": "1083036404512-0brtemu4und1ndl5ov2pu3hvhfr0eaug.apps.googleusercontent.com",
              "client_type": 3
            }
          ]
        }
      }
    },
    {
      "client_info": {
        "mobilesdk_app_id": "1:1083036404512:android:85338da8cd8d50c8",
        "android_client_info": {
          "package_name": "svecw.reg_123"
        }
      },
      "oauth_client": [
        {
          "client_id": "1083036404512-0brtemu4und1ndl5ov2pu3hvhfr0eaug.apps.googleusercontent.com",
          "client_type": 3
        }
      ],
      "api_key": [
        {
          "current_key": "AIzaSyDdxXZ4AkaVRAoLvVvnm443Duzz51-5BQo"
        }
      ],
      "services": {
        "appinvite_service": {
          "other_platform_oauth_client": [
            {
              "client_id": "1083036404512-0brtemu4und1ndl5ov2pu3hvhfr0eaug.apps.googleusercontent.com",
              "client_type": 3
            }
          ]
        }
      }
    }
  ],
  "configuration_version": "1"
}